Partner Logo,Release URL
New Delhi Times,
,New Delhi Times
SME Street,
,SME Street
Business Upturn,
,Business Upturn
Times Tech,
,Times Tech
India Shorts,
,India Shorts
Business News This Week,
,Business News This Week
Consumer Infoline,
,Consumer Infoline
Business Wire India,
,Business Wire India
Punjab News Express,
,Punjab News Express
Afternoon Voice,
,Afternoon Voice
The CEO Magazine,
,The CEO Magazine
Notable Today,
,Notable Today
The News This Week,
,The News This Week
Marketing News Online,
,Marketing News Online
First News,
,First News
Upcoming News,
,Upcoming News
Odia-ray,
,Odia-ray
Current New,
,Current New
Value News Today,
,Value News Today
Indore Dil se,
,Indore Dil se
Think News Today,
,Think News Today
busineshour9.com,
,busineshour9.com
Biz RapidX,
,Biz RapidX
 Startup business stories,
,Startup business stories
News Drinker,
,News Drinker
News Dogs,
,News Dogs
Prime Time News,
,Prime Time News
Business News Matters,
,Business News Matters
Majesty life coach,
,Majesty life coach
The 9th Estate,
,The 9th Estate
Right Column Media ,
,Right Column Media
News In Asia,
,News In Asia
The News Headliner,
,The News Headliner
Perfect News Live,
,Perfect News Live
News Files,
,News Files
Mango Bunch,
,Mango Bunch
UK News Hour,
,UK News Hour
Odisharay,
,Odisharay
Business Micro,
,Business Micro
Media Express24,
,Media Express24
Business News Week,
,Business News Week
Biz News Daily,
,Biz News Daily
News Keeda,
,News Keeda
Chronicle News Live,
,Chronicle News Live
News Views Club,
,News Views Club
Report 365,
,Report 365
NRI News 24x7,
,NRI News 24x7
Sangbad Eklavya,
,Sangbad Eklavy a
Couture Fashion,
,Couture Fashion
Cine Buzz News,
,Cine Buzz News
Online News 9,
,Online News 9
Quick Biz News,
,Quick Biz News
Add On News,
,Add On News
5 Dariya News,
,5 Dariy a News
Ponga Pandit,
,Ponga Pandit
NY Newsly,
,NY Newsly
Smart Business News,
,Smart Business News
Nasheman,
,Nasheman
The Education Times,
,The Education Times
News Crazy,
,News Crazy
News Vibes of India,
,News Vibes of India
Life And Trendz,
,Life And Trendz
USA News Hour,
,USA News Hour
Medi Circle,
,Medi Circle
Odisha Business News,
,Odisha Business News
Business News Matrix,
,Business News Matrix
Content Media Solution,
,Content Media Solution
Biz News Desk,
,Biz News Desk
The Startup Post,
,The Startup Post
Mti News,
,Mti News
Business Views,
,Business Views
NY News Cast,
,NY News Cast
Online Media Cafe,
,Online Media Cafe
The Pharma Times,
,The Pharma Times
Review Street,
,Review Street
Biz Next India,
,Biz Next India
IMP News,
,IMP News
Abhitak News,
,Abhitak News
Startup City India,
,Startup City India
Daily 24x7 News,
,Daily 24x7 News
